iter	RMSE
0	45914.21793
1	34192.83991
2	28245.49364
3	24086.10591
4	21283.37495
5	18473.72794
6	16465.31104
7	14291.81947
8	12549.12654
9	10553.16436
10	9113.849671
11	8394.95955
12	7208.328851
13	6631.194892
14	5895.731885
15	5333.033049
16	4913.412219
17	4524.443076
18	4337.886949
19	3811.91386
